<?xml version="1.0" encoding="UTF-8"?>
<project-private xmlns="http://www.netbeans.org/ns/project-private/1">
    <editor-bookmarks xmlns="http://www.netbeans.org/ns/editor-bookmarks/2" lastBookmarkId="0"/>
    <open-files xmlns="http://www.netbeans.org/ns/projectui-open-files/2">
        <group>
            <file>file:/C:/Users/User/Downloads/Game/NetBeans/NetBeans%20Saves/20/src/PayrollSystem/Employee.java</file>
            <file>file:/C:/Users/User/Downloads/Game/NetBeans/NetBeans%20Saves/20/src/PayrollSystem/PayrollSystem.java</file>
            <file>file:/C:/Users/User/Downloads/Game/NetBeans/NetBeans%20Saves/20/src/PayrollSystem/PartTimeEmployee.java</file>
            <file>file:/C:/Users/User/Downloads/Game/NetBeans/NetBeans%20Saves/20/src/PayrollSystem/Contractor.java</file>
            <file>file:/C:/Users/User/Downloads/Game/NetBeans/NetBeans%20Saves/20/src/PayrollSystem/FullTimeEmployee.java</file>
        </group>
    </open-files>
</project-private>
